[
  {
    "id": 1,
    "name": "Apple iPhone 12 512GB Blue",
    "image": "https://www.mechta.kz/export/1cbitrix/import_files/ac/ac142efd-0df3-11eb-a235-005056b6dbd7.jpeg",
    "href": "shop-page_1.html",
    "rate": "4.8",
    "articul": "875001",
    "price": 899,
    "type": "smartphone",
    "count": 26
  },
  {
    "id": 2,
    "name": "Apple Macbook Pro 13 1TB",
    "image": "https://object.pscloud.io/cms/cms/Photo/img_0_62_1836_0.jpg",
    "href": "shop-page_2.html",
    "rate": "4.8",
    "articul": "875002",
    "price": 1500,
    "type": "laptop",
    "count": 5
  },
  {
    "id": 3,
    "name": "Apple IPad Pro 2020 11 inch",
    "image": "https://www.mechta.kz/export/1cbitrix/import_files/c4/c4adde3a-8397-11ea-a22d-005056b6dbd7.jpeg",
    "href": "shop-page_3.html",
    "rate": "5.0",
    "articul": "875003",
    "price": 999,
    "type": "tablet",
    "count": 29
  },
  {
    "id": 4,
    "name": "Samsung Galaxy A51",
    "image": "https://technosale.kz/image/cache/catalog/Smartphones/Samsung/2020/A51%20Black-6-1000x1000.jpg",
    "href": "shop-page_4.html",
    "rate": "4.1",
    "articul": "875004",
    "price": 299,
    "type": "smartphone",
    "count": 51
  },
  {
    "id": 5,
    "name": "Samsung Galaxy S20",
    "image": "https://www.mechta.kz/export/1cbitrix/import_files/85/85bc6679-57a9-11ea-a22d-005056b6dbd7.jpeg",
    "href": "shop-page_5.html",
    "rate": "2.1",
    "articul": "875005",
    "price": 950,
    "type": "smartphone",
    "count": 20
  },
  {
    "id": 6,
    "name": "Huawei Matebook X",
    "image": "https://www.mechta.kz/export/1cbitrix/import_files/01/01250bf9-54cd-11e8-a210-005056b6dbd7.jpeg",
    "href": "shop-page_6.html",
    "rate": "2.9",
    "articul": "875006",
    "price": 1199,
    "type": "laptop",
    "count": 4
  },
  {
    "id": 7,
    "name": "Huawei Mate 30 Pro",
    "image": "https://megagadget.kz/image/cache/catalog/mate30%20fio-1000x1000.jpg",
    "href": "shop-page_7.html",
    "rate": "3.7",
    "articul": "875007",
    "price": 999,
    "type": "smartphone",
    "count": 12
  },
  {
    "id": 8,
    "name": "Apple IPhone 12 Mini 64GB",
    "image": "https://apples.kz/image/cache/catalog/2020%20products/iphone%2012/mini/%20%D0%BC%D0%B8%D0%BC%D0%B8%2012-1000x1000.jpg",
    "href": "shop-page_8.html",
    "rate": "4.9",
    "articul": "875008",
    "price": 699,
    "type": "smartphone",
    "count": 30
  },
  {
    "id": 9,
    "name": "Apple IPhone 12 Pro 64GB Blue",
    "image": "https://www.mechta.kz/export/1cbitrix/import_files/ac/ac142f15-0df3-11eb-a235-005056b6dbd7.jpeg",
    "href": "shop-page_9.html",
    "rate": "4.9",
    "articul": "875009",
    "price": 999,
    "type": "smartphone",
    "count": 24
  },
  {
    "id": 10,
    "name": "Apple IPhone 12 Pro 64GB Silver",
    "image": "https://www.mechta.kz/export/1cbitrix/import_files/49/49a6003c-0e9c-11eb-a235-005056b6dbd7.jpeg",
    "href": "shop-page_10.html",
    "rate": "4.9",
    "articul": "875010",
    "price": 999,
    "type": "smartphone",
    "count": 25
  },
  {
    "id": 11,
    "name": "Apple IPhone 12 Pro 64GB Grey",
    "image": "https://www.mechta.kz/export/1cbitrix/import_files/ac/ac142f14-0df3-11eb-a235-005056b6dbd7.jpeg",
    "href": "shop-page_11.html",
    "rate": "4.9",
    "articul": "875011",
    "price": 999,
    "type": "smartphone",
    "count": 26
  },
  {
    "id": 12,
    "name": "ASUS Zenbook UX534FTC",
    "image": "https://www.mechta.kz/export/1cbitrix/import_files/6b/6b2460ae-e75e-11ea-a230-005056b6dbd7.jpeg",
    "href": "shop-page_12.html",
    "rate": "4.5",
    "articul": "875012",
    "price": 1400,
    "type": "laptop",
    "count": 3
  },
  {
    "id": 13,
    "name": "HP ENVY 13-ba0006ur",
    "image": "https://www.mechta.kz/export/1cbitrix/import_files/fb/fb22101f-0460-11eb-a231-005056b6dbd7.jpeg",
    "href": "shop-page_13.html",
    "rate": "4.2",
    "articul": "875013",
    "price": 1200,
    "type": "laptop",
    "count": 9
  },
  {
    "id": 14,
    "name": "Apple iPad Air 10,5 inch 64GB",
    "image": "https://www.mechta.kz/export/1cbitrix/import_files/c5/c526025e-59b7-11e9-a220-005056b6dbd7.jpeg",
    "href": "shop-page_14.html",
    "rate": "4.3",
    "articul": "875014",
    "price": 900,
    "type": "tablet",
    "count": 5
  },
  {
    "id": 15,
    "name": "Apple iPad mini 5 64Gb",
    "image": "https://www.mechta.kz/export/1cbitrix/import_files/65/651ac2a7-e4f8-11e9-a22b-005056b6dbd7.jpeg",
    "href": "shop-page_15.html",
    "rate": "4.8",
    "articul": "875015",
    "price": 500,
    "type": "tablet",
    "count": 20
  },
  { 
    "id": 16, 
    "name": "Apple iPad New 2019 32GB",
    "image": "https://www.mechta.kz/export/1cbitrix/import_files/32/3297d5dd-f3b6-11e9-a22b-005056b6dbd7.jpeg",
    "href": "shop-page_16.html",
    "rate": "4.6",
    "articul": "875016",
    "price": 300,
    "type": "tablet",
    "count": 15
  }
]